filename,chroma_stft,rms,spectral_centroid,spectral_bandwidth,rolloff,zero_crossing_rate,mfcc1,mfcc2,mfcc3,mfcc4,mfcc5,mfcc6,mfcc7,mfcc8,mfcc9,mfcc10,mfcc11,mfcc12,mfcc13,mfcc14,mfcc15,mfcc16,mfcc17,mfcc18,mfcc19,mfcc20,label
awake_129.wav,0.6159853339195251,0.018546998500823975,871.3766081031134,1154.4136791719886,1907.32180001935,0.03166194006385449,-398.7248840332031,146.4975128173828,30.957170486450195,2.7097907066345215,2.331080436706543,30.71063232421875,13.528464317321777,12.201665878295898,-2.74784779548645,2.142425060272217,3.664959669113159,2.4651801586151123,8.023147583007812,2.7803757190704346,7.823894500732422,-0.4733292758464813,3.002570152282715,1.7672576904296875,1.6031861305236816,0.13647304475307465,awake
